,City,Cloudiness,Country,Date,Humidity,Lat,Lng,Max Temp,Wind Speed
0,Mataura,15,NZ,1567261674,93,-46.19,168.86,48.0,5.01
1,Avarua,0,CK,1567261675,63,-21.21,-159.78,66.2,3.36
2,Atuona,100,PF,1567261675,79,-9.8,-139.03,78.02,12.84
3,Comacchio,0,IT,1567261675,49,44.7,12.18,93.2,5.82
4,Saint George,20,GR,1567261676,27,39.45,22.34,91.4,5.82
5,Punta Arenas,20,CL,1567261676,74,-53.16,-70.91,41.0,18.34
6,Bredasdorp,23,ZA,1567261677,39,-34.53,20.04,62.6,19.46
7,Rikitea,100,PF,1567261677,80,-23.12,-134.97,72.62,20.31
8,Butaritari,88,KI,1567261677,72,3.07,172.79,83.96,11.45
9,Alofi,68,NU,1567261678,77,-19.06,-169.92,62.6,3.36
10,Narsaq,20,GL,1567261678,66,60.91,-46.05,48.2,4.7
11,Cape Town,40,ZA,1567261573,51,-33.93,18.42,63.0,13.87
12,Dikson,74,RU,1567261678,90,73.51,80.55,40.94,10.63
13,Sol-Iletsk,89,RU,1567261679,76,51.16,55.0,53.36,7.4
14,Digby,6,CA,1567261679,40,44.62,-65.76,71.01,8.01
15,Goderich,10,CA,1567261679,66,43.74,-81.71,66.99,9.93
16,Ushuaia,75,AR,1567261680,75,-54.81,-68.31,41.0,36.91
17,Kahului,40,US,1567261680,88,20.89,-156.47,75.0,3.36
18,Carnarvon,0,ZA,1567261680,18,-30.97,22.13,57.68,14.03
19,Verkh-Usugli,54,RU,1567261681,78,52.7,115.17,47.96,1.45
20,Bonthe,100,SL,1567261681,81,7.53,-12.5,79.82,12.35
21,Touros,75,BR,1567261682,58,-5.2,-35.46,84.2,11.41
22,Bintulu,75,MY,1567261653,88,3.17,113.03,82.0,1.23
23,Hermanus,29,ZA,1567261682,67,-34.42,19.24,60.01,8.99
24,Sunderland,40,GB,1567261683,63,54.91,-1.38,64.99,21.92
25,Ribeira Grande,20,PT,1567261684,83,38.52,-28.7,77.0,4.7
26,Ezhou,100,CN,1567261684,51,30.41,114.88,77.66,6.08
27,Saint-Philippe,1,CA,1567261684,67,45.36,-73.48,69.01,8.05
28,Port Elizabeth,1,US,1567261685,61,39.31,-74.98,81.0,9.17
29,Najran,0,SA,1567261685,10,17.54,44.22,100.4,6.93
30,Albany,40,US,1567261500,56,42.65,-73.75,71.01,5.82
31,Talas,0,KG,1567261686,34,42.52,72.24,57.68,5.82
32,Chapais,90,CA,1567261686,81,49.78,-74.86,46.4,10.29
33,Jamestown,83,AU,1567261686,19,-33.21,138.6,57.68,13.8
34,Cotia,0,BR,1567261686,32,-23.6,-46.92,93.0,14.99
35,Tera,20,CY,1567261687,74,34.97,32.42,87.8,14.99
36,Puerto Ayora,75,EC,1567261687,78,-0.74,-90.35,73.4,16.11
37,Kibre Mengist,76,ET,1567261687,92,5.87,38.99,60.92,1.5
38,Annau,75,TM,1567261688,20,37.89,58.52,84.2,9.17
39,Sao Filipe,92,CV,1567261688,79,14.9,-24.5,79.28,9.75
40,Ponta Delgada,40,PT,1567261688,73,37.73,-25.67,77.0,9.17
41,Cidreira,100,BR,1567261689,91,-30.17,-50.22,60.2,9.26
42,Alugan,100,PH,1567261689,94,12.22,125.48,74.24,1.95
43,Mahebourg,20,MU,1567261689,60,-20.41,57.7,73.99,12.75
44,Flagstaff,1,US,1567261540,36,35.2,-111.65,77.0,6.93
45,Beringovskiy,100,RU,1567261690,97,63.05,179.32,45.62,10.0
46,Codrington,0,AU,1567261690,93,-28.95,153.24,53.01,3.36
47,Provideniya,100,RU,1567261691,87,64.42,-173.23,44.36,10.65
48,Bambous Virieux,20,MU,1567261691,60,-20.34,57.76,73.99,12.75
49,Pisco,20,PE,1567261691,30,-13.71,-76.2,71.6,2.24
50,Sur,0,OM,1567261692,51,22.57,59.53,83.96,4.76
51,Kamogawa,0,JP,1567261692,69,35.13,140.08,84.0,9.17
52,Anjozorobe,20,MG,1567261692,49,-18.4,47.88,68.0,11.41
53,Bluff,0,AU,1567261693,50,-23.58,149.07,58.94,8.68
54,Guozhen,100,CN,1567261693,55,29.3,113.14,72.62,6.76
55,Ulladulla,0,AU,1567261693,100,-35.36,150.48,48.99,6.93
56,Talnakh,0,RU,1567261693,93,69.49,88.39,53.6,13.42
57,Kyabe,64,TD,1567261694,69,9.45,18.94,85.58,1.77
58,Deputatskiy,34,RU,1567261694,74,69.3,139.9,30.68,1.66
59,Karratha,85,AU,1567261694,69,-20.74,116.85,68.3,8.75
60,Vaini,75,IN,1567261695,94,15.34,74.49,69.8,13.87
61,Castro,40,CL,1567261695,100,-42.48,-73.76,42.8,3.36
62,Thompson,40,CA,1567261695,93,55.74,-97.86,46.4,2.55
63,Kaitangata,0,NZ,1567261696,77,-46.28,169.85,45.0,4.0
64,Saskylakh,0,RU,1567261696,81,71.97,114.09,37.52,2.21
65,Kirakira,100,SB,1567261696,82,-10.46,161.92,78.74,6.85
66,Yumen,60,CN,1567261697,13,40.29,97.04,77.12,24.72
67,Inirida,51,CO,1567261697,80,3.87,-67.92,83.96,1.86
68,Dingle,100,PH,1567261697,93,11.0,122.67,72.98,5.99
69,Maunabo,75,PR,1567261697,79,18.01,-65.9,88.0,8.05
70,Almaznyy,20,RU,1567261698,26,48.03,40.04,84.2,4.47
71,Sao Miguel do Araguaia,1,BR,1567261698,14,-13.28,-50.16,103.58,5.06
72,El Bagre,14,CO,1567261698,59,7.6,-74.8,88.28,2.17
73,Norman Wells,75,CA,1567261699,100,65.28,-126.83,41.0,2.24
74,Bud,40,NO,1567261699,82,62.91,6.91,64.0,2.24
75,Obo,65,CF,1567261699,87,5.39,26.49,78.38,0.74
76,Creston,90,CA,1567261699,100,49.1,-116.52,57.0,2.91
77,Khatanga,0,RU,1567261700,62,71.98,102.47,43.28,6.11
78,Puerto del Rosario,20,ES,1567261700,73,28.5,-13.86,77.0,16.11
79,Namatanai,100,PG,1567261700,85,-3.66,152.44,78.2,17.69
80,Kon Tum,100,VN,1567261700,99,14.36,108.0,69.74,1.45
81,Sola,100,TZ,1567261701,48,-3.17,33.8,78.92,8.39
82,Qaanaaq,100,GL,1567261701,43,77.48,-69.36,42.74,11.9
83,Tasiilaq,20,GL,1567261702,39,65.61,-37.64,46.4,9.17
84,Rio Grande,75,BR,1567261702,77,-32.03,-52.1,60.8,8.05
85,Sioux Lookout,75,CA,1567261699,100,50.1,-91.92,53.6,4.7
86,New Norfolk,0,AU,1567261702,62,-42.78,147.06,55.99,6.93
87,Koshurnikovo,7,RU,1567261703,83,54.3,93.39,59.12,3.78
88,Busselton,45,AU,1567261703,61,-33.64,115.35,54.0,27.96
89,Nizwa,0,OM,1567261539,16,22.93,57.53,95.12,8.32
90,Kapaa,40,US,1567261703,78,22.08,-159.32,80.6,10.29
91,Shenzhen,0,CN,1567261704,88,22.54,114.05,82.99,8.95
92,Nome,40,US,1567261704,74,30.04,-94.42,84.2,3.36
93,Bergen,75,NO,1567261704,63,60.39,5.33,68.0,26.4
94,Port Lincoln,21,AU,1567261430,89,-34.72,135.86,57.5,15.3
95,Dongkan,49,CN,1567261705,77,34.0,119.83,67.94,5.59
96,Yellowknife,75,CA,1567261706,70,62.45,-114.38,42.8,8.05
97,Kodiak,1,US,1567261706,82,39.95,-94.76,66.2,8.05
98,Chara,20,GR,1567261706,27,39.42,22.43,91.4,5.82
99,Lloret de Mar,20,ES,1567261706,45,41.7,2.85,87.8,11.41
100,Lebu,90,ET,1567261707,82,8.96,38.73,60.8,6.93
101,Los Llanos de Aridane,20,ES,1567261707,65,28.66,-17.92,78.8,16.11
102,Mount Isa,0,AU,1567261707,22,-20.73,139.49,64.4,8.05
103,Bilma,1,NE,1567261708,11,18.69,12.92,103.04,3.49
104,Saint Anthony,1,US,1567261708,62,43.97,-111.68,57.0,4.7
105,Kruisfontein,0,ZA,1567261708,61,-34.0,24.73,55.52,25.14
106,Cherskiy,98,RU,1567261709,95,68.75,161.3,32.3,3.47
107,Xiaoweizhai,97,CN,1567261709,92,26.23,107.51,64.16,4.56
108,Comodoro Rivadavia,20,AR,1567261709,65,-45.87,-67.48,46.4,9.17
109,Bubaque,100,GW,1567261710,85,11.28,-15.83,78.92,28.01
110,Tuktoyaktuk,75,CA,1567261710,78,69.44,-133.03,35.6,5.82
111,Wajid,91,SO,1567261710,34,3.81,43.25,90.26,18.97
112,Bulgan,0,MN,1567261711,67,48.81,103.53,56.24,1.86
113,Kudahuvadhoo,100,MV,1567261711,71,2.67,72.89,83.24,8.3
114,Mount Gambier,90,AU,1567261712,87,-37.83,140.78,50.0,6.87
115,Cap Malheureux,20,MU,1567261712,60,-19.98,57.61,73.99,12.75
116,Northam,0,AU,1567261712,76,-31.65,116.67,55.4,9.17
117,Vardo,20,US,1567261712,56,39.62,-77.74,77.0,10.29
118,Bhan,67,PK,1567261713,57,26.56,67.72,90.8,15.41
119,Hilo,75,US,1567261673,83,19.71,-155.08,75.2,4.7
120,Korsor,25,DK,1567261565,65,55.33,11.14,82.99,8.05
121,Bonfim,0,GY,1567261713,53,3.36,-59.84,89.18,10.94
122,Hobart,0,AU,1567261714,62,-42.88,147.33,55.99,6.93
123,Barranca,83,PE,1567261715,91,-10.75,-77.76,59.48,13.71
124,Kungurtug,14,RU,1567261716,41,50.6,97.53,56.78,6.04
125,Nieuw Nickerie,98,SR,1567261716,71,5.94,-56.99,83.96,11.65
126,Imbituba,0,BR,1567261716,60,-28.24,-48.67,75.2,16.11
127,Muchkapskiy,0,RU,1567261717,52,51.85,42.48,65.6,6.08
128,Awbari,33,LY,1567261718,9,26.59,12.77,103.58,9.75
129,Nikolskoye,20,RU,1567261719,64,59.7,30.79,73.99,13.42
130,Higashine,98,JP,1567261719,88,38.43,140.47,58.4,3.6
131,Westport,1,US,1567261683,43,41.14,-73.36,75.99,11.41
132,Gebze,40,TR,1567261719,61,40.8,29.43,81.0,18.34
133,Thinadhoo,52,MV,1567261720,74,0.53,72.93,83.06,10.36
134,San Patricio,100,PY,1567261720,84,-26.98,-56.83,64.16,10.92
135,Santiago del Estero,0,AR,1567261720,30,-27.8,-64.26,67.22,7.67
136,Antalaha,19,MG,1567261721,89,-14.9,50.28,63.44,1.61
137,Mitsamiouli,40,KM,1567261721,62,-11.38,43.28,84.2,11.41
138,Barrow,0,AR,1567261721,39,-38.31,-60.23,56.6,11.25
139,Versalles,40,CO,1567261721,69,4.58,-76.2,75.2,4.7
140,Yulara,0,AU,1567261722,22,-25.24,130.99,53.6,4.68
141,Leshukonskoye,67,RU,1567261722,65,64.9,45.76,56.6,2.06
142,PEMEX,5,MX,1567261722,63,18.44,-96.35,82.34,1.68
143,Shieli,100,KZ,1567261723,28,44.18,66.74,66.68,9.44
144,Nizhniy Baskunchak,0,RU,1567261723,30,48.22,46.83,72.26,9.22
145,Bahia Honda,6,CU,1567261723,70,22.9,-83.16,83.42,5.79
146,Pangody,100,RU,1567261723,82,65.85,74.49,50.3,20.51
147,Namibe,26,AO,1567261724,80,-15.19,12.15,64.7,10.16
148,Guerrero Negro,0,MX,1567261724,86,27.97,-114.04,68.66,10.87
149,Lazarev,100,RU,1567261724,89,52.23,141.51,57.14,12.03
150,Nishihara,90,JP,1567261725,83,35.74,139.53,84.0,8.05
151,Port-Gentil,40,GA,1567261725,74,-0.72,8.78,82.4,18.34
152,Marawi,97,PH,1567261725,94,8.0,124.29,75.0,5.99
153,Dustlik,49,UZ,1567261727,20,40.53,68.03,69.38,9.28
154,Torbay,75,CA,1567261727,88,47.66,-52.73,72.0,10.29
155,High Rock,75,BS,1567261727,74,26.63,-78.28,86.0,6.93
156,Srandakan,36,ID,1567261728,87,-7.94,110.25,74.24,11.23
157,Hithadhoo,77,MV,1567261728,75,-0.6,73.08,83.06,14.2
158,Qaqortoq,20,GL,1567261728,66,60.72,-46.03,48.2,4.7
159,Ust-Tsilma,0,RU,1567261729,70,65.44,52.15,47.6,4.03
160,Souillac,0,FR,1567261729,39,45.6,-0.6,84.0,11.41
161,Clyde River,75,CA,1567261729,100,70.47,-68.59,42.8,11.41
162,Broken Hill,0,AU,1567261730,37,-31.97,141.45,55.4,6.93
163,Waitara,0,NZ,1567261730,70,-39.0,174.24,49.94,8.19
164,Gushikawa,40,JP,1567261730,74,26.35,127.87,84.2,14.99
165,Makakilo City,1,US,1567261731,74,21.35,-158.09,80.6,3.36
166,Mogliano Veneto,0,IT,1567261731,38,45.56,12.24,93.0,4.7
167,Lavrentiya,100,RU,1567261731,98,65.58,-170.99,43.46,5.75
168,East London,0,ZA,1567261731,48,-33.02,27.91,66.2,24.16
169,Nioro,98,GM,1567261732,67,13.79,-15.05,85.76,10.54
170,Seoul,1,KR,1567261472,106,37.57,126.98,71.6,1.12
171,Fairbanks,1,US,1567261732,93,64.84,-147.72,48.99,3.51
172,Ponta do Sol,0,BR,1567261732,27,-20.63,-46.0,86.84,3.15
173,Basco,90,US,1567261733,77,40.33,-91.2,63.0,8.05
174,Chuy,0,UY,1567261733,65,-33.69,-53.46,56.42,8.16
175,Saldanha,0,PT,1567261733,18,41.42,-6.55,91.52,10.6
176,Okha,100,RU,1567261734,97,53.59,142.95,53.72,7.65
177,Kristiansund,75,NO,1567261734,82,63.12,7.73,62.6,9.17
178,Pevek,100,RU,1567261734,91,69.7,170.27,37.52,11.07
179,Kavaratti,100,IN,1567261734,80,10.57,72.64,82.52,16.51
180,Natchez,40,US,1567261735,61,31.56,-91.4,80.6,3.36
181,Mar del Plata,79,AR,1567261735,55,-46.43,-67.52,41.66,17.65
182,Upernavik,0,GL,1567261735,57,72.79,-56.15,44.18,5.55
183,Saurimo,40,AO,1567261735,51,-9.66,20.4,84.2,7.16
184,Joao Pinheiro,0,BR,1567261736,32,-17.74,-46.17,84.68,7.78
185,Haines Junction,88,CA,1567261736,68,60.75,-137.51,41.84,2.68
186,Smithers,20,CA,1567261565,100,54.78,-127.17,37.4,1.54
187,Lannion,75,FR,1567261737,93,48.73,-3.46,68.0,6.93
188,Sandwick,37,GB,1567261737,71,54.57,-2.89,63.0,26.4
189,Shelburne,75,CA,1567261737,67,44.08,-80.2,66.0,9.17
190,Shestakovo,100,RU,1567261738,64,56.49,103.96,63.98,3.69
191,Port Alfred,0,ZA,1567261738,56,-33.59,26.89,63.0,11.01
192,Georgetown,75,GY,1567261738,70,6.8,-58.16,86.0,18.34
193,Port Blair,100,IN,1567261739,82,11.67,92.75,81.8,26.13
194,Henties Bay,0,NA,1567261739,72,-22.12,14.28,60.01,8.01
195,Dangriga,20,BZ,1567261740,83,16.97,-88.23,80.6,5.82
196,Coachella,1,US,1567261740,43,33.68,-116.18,91.4,10.29
197,Atar,82,MR,1567261740,35,20.52,-13.05,98.9,8.81
198,Brae,100,GB,1567261740,93,60.4,-1.35,57.2,19.46
199,Portland,20,US,1567261462,49,43.66,-70.25,73.0,14.99
200,La Rochelle,0,FR,1567261515,56,46.16,-1.15,73.4,19.46
201,Hofn,20,IS,1567261741,87,64.25,-15.21,53.6,12.75
202,Talcahuano,0,CL,1567261741,66,-36.72,-73.12,50.0,9.17
203,Tura,100,RU,1567261742,74,64.27,100.22,49.58,2.28
204,Alice Springs,0,AU,1567261742,15,-23.7,133.88,51.8,8.72
205,Lodja,85,CD,1567261742,36,-3.52,23.6,92.24,2.06
206,Vila Franca do Campo,40,PT,1567261742,73,37.72,-25.43,77.0,9.17
207,Digras,96,IN,1567261743,86,20.1,77.72,77.48,8.19
208,Nefteyugansk,75,RU,1567261743,100,61.09,72.61,55.4,11.18
209,Saint-Georges,77,CA,1567261743,6,46.12,-70.67,61.0,5.99
210,Paamiut,100,GL,1567261744,76,61.99,-49.67,44.72,15.59
211,Bousse,0,FR,1567261744,31,49.28,6.2,93.2,6.93
212,Golden,1,US,1567261573,68,39.76,-105.22,64.99,3.36
213,Dalvik,20,SE,1567261745,64,57.79,14.13,78.01,9.17
214,Monte Carmelo,65,BR,1567261745,26,-18.73,-47.5,87.74,9.42
215,Maskinonge,90,CA,1567261745,77,46.23,-73.02,64.99,6.93
216,Marzuq,83,YE,1567261745,29,14.4,46.47,88.28,12.41
217,Sao Lourenco do Sul,75,BR,1567261478,87,-31.37,-51.98,60.01,6.93
218,Puerto Narino,0,CO,1567261746,70,-3.77,-70.38,87.8,1.68
219,Laguna,0,BZ,1567261746,83,16.17,-88.94,80.6,4.72
220,Salalah,75,OM,1567261747,88,17.01,54.1,80.6,10.29
221,Vostok,37,RU,1567261747,99,46.45,135.83,55.16,4.07
222,Chokurdakh,76,RU,1567261747,81,70.62,147.9,31.76,1.77
223,Kemnay,75,GB,1567261747,93,57.23,-2.45,53.6,24.16
224,Lufilufi,98,WS,1567261748,83,-13.87,-171.6,82.0,5.01
225,Esperance,0,AU,1567261748,81,-33.86,121.89,48.2,9.17
226,Chau Doc,62,VN,1567261749,85,10.71,105.12,79.28,7.54
227,Adrar,20,DZ,1567261749,13,27.87,-0.29,114.8,8.05
228,Batemans Bay,0,AU,1567261749,84,-35.71,150.18,46.99,2.98
229,Port Hardy,90,CA,1567261750,100,50.7,-127.42,57.2,2.24
230,Yerbogachen,65,RU,1567261750,80,61.28,108.01,51.2,2.62
231,Hovd,75,NO,1567261750,82,63.83,10.7,64.99,3.36
232,Peniche,75,PT,1567261751,73,39.36,-9.38,84.99,14.99
233,Sar-e Pul,0,AF,1567261752,13,36.22,65.93,73.88,8.79
234,Jalu,0,LY,1567261752,15,29.03,21.55,95.84,16.13
235,Abilene,1,US,1567261752,64,32.45,-99.73,77.0,5.82
236,Arraial do Cabo,0,BR,1567261752,54,-22.97,-42.02,82.4,11.41
237,Mudbidri,75,IN,1567261753,88,13.08,74.98,77.0,12.33
238,Mayor Pablo Lagerenza,77,PY,1567261753,45,-19.93,-60.77,76.4,11.7
239,Warrnambool,82,AU,1567261486,75,-38.38,142.48,55.0,5.99
240,Aksha,99,RU,1567261753,62,50.28,113.29,54.98,3.74
241,Egvekinot,100,RU,1567261754,85,66.32,-179.17,46.34,2.37
242,Salinopolis,100,BR,1567261755,83,-0.61,-47.36,80.36,18.81
243,Genhe,70,CN,1567261755,97,50.78,121.52,47.96,3.56
244,Vanavara,100,RU,1567261756,71,60.35,102.28,55.52,5.1
245,Buy,13,RU,1567261756,85,58.48,41.53,63.98,2.26
246,Richards Bay,99,ZA,1567261757,75,-28.77,32.06,67.4,36.53
247,Lasa,20,CY,1567261757,74,34.92,32.53,87.8,14.99
248,Oussouye,75,SN,1567261757,94,12.49,-16.54,80.6,4.7
249,Faanui,70,PF,1567261758,83,-16.48,-151.75,76.22,15.17
250,Muros,40,ES,1567261758,73,42.77,-9.06,75.0,14.99
251,San Vicente,90,EC,1567261758,83,-0.59,-80.41,69.8,5.82
252,Airai,100,TL,1567261758,73,-8.93,125.41,66.14,5.39
253,Honningsvag,99,NO,1567261759,89,70.98,25.97,52.28,13.13
254,Shubarkuduk,87,KZ,1567261759,51,49.15,56.49,59.12,7.0
255,Lensk,1,RU,1567261759,94,60.71,114.91,50.48,2.06
256,Bethel,90,US,1567261760,100,60.79,-161.76,53.6,5.82
257,Arlit,54,NE,1567261761,10,18.74,7.39,104.48,6.46
258,Caucaia,40,BR,1567261761,45,-3.73,-38.66,87.8,20.8
259,Isangel,89,VU,1567261761,83,-19.55,169.27,74.6,16.02
260,Pandan,100,PH,1567261762,82,11.72,122.09,79.46,8.41
261,Aksarka,100,RU,1567261762,79,66.56,67.8,48.14,16.91
262,Prichard,1,US,1567261762,74,30.74,-88.08,82.4,5.82
263,Lima,90,PE,1567261762,93,-12.06,-77.04,59.0,6.93
264,Bowen,75,AU,1567261763,93,-20.01,148.25,64.0,5.82
265,Pangnirtung,90,CA,1567261763,87,66.15,-65.72,44.6,10.29
266,Batsfjord,40,NO,1567261764,77,70.63,29.72,60.8,11.41
267,Petropavlovsk-Kamchatskiy,34,RU,1567261528,100,53.05,158.65,48.2,2.24
268,Chistoye,20,RU,1567261764,63,56.54,43.0,64.0,6.71
269,North Bend,1,US,1567261764,93,43.41,-124.22,57.0,6.93
270,Longyearbyen,75,NO,1567261765,93,78.22,15.63,44.6,5.82
271,Berlevag,66,NO,1567261765,80,70.86,29.09,55.7,16.2
272,Port Macquarie,90,AU,1567261765,100,-31.43,152.91,57.2,6.93
273,Palana,0,RU,1567261766,74,59.08,159.95,48.32,2.06
274,Lompoc,90,US,1567261546,93,34.64,-120.46,60.01,4.7
275,Dillon,1,US,1567261766,76,45.22,-112.64,59.0,12.75
276,Havelock,1,US,1567261639,58,34.88,-76.9,84.2,8.05
277,Zheleznodorozhnyy,0,RU,1567261767,56,55.75,38.0,73.4,2.24
278,Dunedin,0,NZ,1567261767,88,-45.87,170.5,45.0,1.01
279,Hobyo,52,SO,1567261767,71,5.35,48.53,79.46,27.16
280,Luderitz,0,NA,1567261767,45,-26.65,15.16,68.0,28.86
281,Mazamet,61,FR,1567261768,32,43.49,2.38,98.01,10.29
282,Constitucion,90,MX,1567261768,100,23.99,-104.67,64.0,2.24
283,Lhokseumawe,97,ID,1567261716,93,5.18,97.15,72.98,3.62
284,Beaufort,75,MY,1567261769,78,5.36,115.76,82.4,3.76
285,Innisfail,0,AU,1567261769,93,-17.52,146.03,62.54,4.0
286,Nyrob,72,RU,1567261769,75,60.74,56.73,46.88,6.04
287,Talpa,75,MX,1567261769,74,28.83,-111.63,82.4,3.36
288,Geraldton,20,CA,1567261770,76,49.72,-86.95,50.0,5.82
289,Fort Nelson,90,CA,1567261770,100,58.81,-122.69,48.2,3.36
290,Chumikan,90,RU,1567261770,98,54.72,135.31,42.56,3.6
291,Klaksvik,100,FO,1567261771,93,62.23,-6.59,51.8,16.11
292,Ust-Nera,0,RU,1567261771,85,64.57,143.24,34.1,3.62
293,Sioux Falls,90,US,1567261769,82,43.55,-96.7,57.99,3.36
294,Cabo San Lucas,40,MX,1567261575,88,22.89,-109.91,82.99,4.34
295,Udachnyy,40,RU,1567261772,81,66.42,112.4,50.0,2.24
296,Iranshahr,0,IR,1567261772,9,27.21,60.69,104.0,18.34
297,Casablanca,20,MA,1567261772,65,33.6,-7.62,86.0,13.87
298,Tiarei,75,PF,1567261772,88,-17.53,-149.33,73.4,17.22
299,Gimli,93,CA,1567261496,93,50.63,-96.99,54.0,10.31
300,Moengo,29,SR,1567261773,45,5.62,-54.4,91.52,4.79
301,Sampit,19,ID,1567261773,91,-2.54,112.95,74.6,3.13
302,Itarema,93,BR,1567261774,34,-2.92,-39.92,94.22,11.48
303,Werota,0,ET,1567261774,64,11.92,37.7,76.22,17.52
304,Sao Jose da Coroa Grande,14,BR,1567261774,63,-8.9,-35.15,81.08,9.19
305,Nouadhibou,41,MR,1567261774,55,20.93,-17.03,89.6,5.82
306,Meulaboh,100,ID,1567261775,74,4.14,96.13,83.78,6.67
307,Soligalich,46,RU,1567261775,90,59.08,42.29,62.0,1.34
308,Loiza,40,PR,1567261775,74,18.43,-65.88,88.0,10.29
309,Lagoa,0,PT,1567261775,65,37.14,-8.45,88.0,8.05
310,Zunyi,100,CN,1567261776,93,27.73,106.92,65.24,1.21
311,Tarko-Sale,82,RU,1567261776,93,64.92,77.78,50.0,12.64
312,Caapucu,100,PY,1567261776,80,-26.22,-57.2,65.78,14.79
313,Uige,75,AO,1567261777,69,-7.61,15.06,73.4,11.41
314,Brainerd,1,US,1567261777,67,46.36,-94.2,59.0,4.7
315,Ariquemes,0,BR,1567261778,23,-9.91,-63.03,103.22,2.42
316,Yeppoon,40,AU,1567261778,82,-23.13,150.74,60.8,1.66
317,Lagoa Formosa,0,BR,1567261778,43,-18.77,-46.41,82.99,3.0
318,Ust-Kuyga,24,RU,1567261779,71,70.0,135.55,35.36,3.2
319,Jinsha,75,CN,1567261779,74,24.49,118.41,84.2,8.95
320,Pocerski Pricinovic,0,RS,1567261779,33,44.72,19.71,91.0,4.7
321,Malpe,75,IN,1567261780,88,13.35,74.72,77.0,12.17
322,Dwarka,40,IN,1567261780,62,28.58,77.04,96.01,6.08
323,Tecuala,0,MX,1567261780,71,22.4,-105.46,83.42,1.59
324,Puerto Colombia,40,CO,1567261781,72,10.99,-74.96,85.22,7.45
325,Cedar City,1,US,1567261781,44,37.68,-113.06,59.0,5.82
326,Loma Bonita,17,MX,1567261781,84,18.11,-95.88,78.01,1.99
327,Kaeo,100,NZ,1567261782,100,-35.1,173.78,46.0,5.66
328,Hay River,75,CA,1567261782,75,60.82,-115.79,46.4,2.24
329,Springfield,75,US,1567261708,49,42.1,-72.59,73.99,8.05
330,Banda Aceh,93,ID,1567261503,77,5.56,95.32,83.96,17.31
331,Omsukchan,99,RU,1567261783,65,62.53,155.8,32.3,2.24
332,Shache,67,CN,1567261783,73,38.42,77.24,77.0,9.33
333,Baruun-Urt,5,MN,1567261784,53,46.68,113.28,59.48,4.99
334,Ilulissat,20,GL,1567261529,28,69.22,-51.1,46.4,10.29
335,Victoria,75,BN,1567261784,78,5.28,115.24,84.2,8.57
336,Dhidhdhoo,100,MV,1567261784,79,6.88,73.1,81.8,15.7
337,Sao Joao da Barra,0,BR,1567261785,48,-21.64,-41.05,82.4,11.41
338,Talakan,100,RU,1567261785,90,50.29,130.28,51.2,1.28
339,Pacific Grove,90,US,1567261786,87,36.62,-121.92,62.01,7.78
340,Kosh-Agach,56,RU,1567261786,55,49.99,88.66,55.7,8.46
341,Berekum,25,GH,1567261786,66,7.45,-2.58,84.68,4.03
342,Prince Rupert,75,CA,1567261689,100,54.32,-130.32,53.6,2.24
343,Finote Selam,96,ET,1567261788,90,10.7,37.27,65.6,2.86
344,Buchanan,75,LR,1567261788,79,5.88,-10.05,84.2,9.17
345,Ferkessedougou,41,CI,1567261788,60,9.6,-5.2,86.3,7.4
346,San Quintin,100,PH,1567261788,97,17.54,120.52,73.34,2.82
347,Hasaki,75,JP,1567261789,94,35.73,140.83,75.2,3.36
348,Rampur,100,IN,1567261789,79,28.8,79.03,82.52,7.16
349,Grindavik,75,IS,1567261789,87,63.84,-22.43,50.0,10.29
350,Odda,100,NO,1567261790,71,60.07,6.55,66.0,8.99
351,Husavik,94,CA,1567261790,93,50.56,-96.99,54.0,5.77
352,Moirang,100,IN,1567261790,97,24.5,93.78,67.58,2.84
353,Moree,0,AU,1567261790,86,-29.46,149.84,50.0,2.24
354,Ampanihy,0,MG,1567261791,40,-24.69,44.75,72.98,6.49
355,Snasa,100,NO,1567261791,64,64.25,12.38,68.12,2.33
356,Arlington,90,US,1567261672,94,32.74,-97.11,77.0,8.05
357,Abu Dhabi,0,AE,1567261791,60,24.47,54.37,98.6,8.05
358,Atbasar,93,KZ,1567261792,81,51.81,68.36,45.98,12.62
359,Severo-Kurilsk,100,RU,1567261792,91,50.68,156.12,49.4,12.21
360,Isiro,97,CD,1567261793,75,2.77,27.62,75.14,3.2
361,Dauphin,1,CA,1567261793,77,51.15,-100.04,59.0,8.05
362,Atambua,100,ID,1567261793,69,-9.11,124.89,74.78,13.18
363,Xai-Xai,0,MZ,1567261793,35,-25.04,33.64,85.76,4.9
364,Waingapu,98,ID,1567261794,85,-9.65,120.26,67.4,11.99
365,Bandar-e Anzali,90,IR,1567261561,100,37.47,49.46,68.0,9.17
366,Maldonado,20,UY,1567261794,51,-34.91,-54.96,60.8,2.24
367,Tazovskiy,100,RU,1567261794,72,67.47,78.7,49.22,14.29
368,Alta Floresta,21,BR,1567261795,49,-9.87,-56.08,89.6,3.36
369,Leningradskiy,100,RU,1567261795,97,69.38,178.42,39.5,8.34
370,Nyurba,100,RU,1567261796,91,63.29,118.35,54.44,3.33
371,Yabrud,0,SY,1567261796,13,33.97,36.66,98.6,11.41
372,Hamilton,20,CA,1567261694,67,43.26,-79.87,70.0,6.93
373,Zhigansk,16,RU,1567261796,77,66.77,123.37,48.68,4.07
374,Faya,40,SA,1567261797,42,18.39,42.45,86.0,11.41
375,Moron,15,HT,1567261797,68,18.56,-74.26,84.5,2.84
376,Kinkala,75,CG,1567261797,58,-4.35,14.75,82.4,6.93
377,Ucluelet,75,CA,1567261798,93,48.94,-125.55,62.01,4.7
378,Zomba,0,MW,1567261798,19,-15.39,35.33,89.6,6.93
379,Mansa,40,IN,1567261798,84,23.43,72.66,86.0,1.23
380,Vila Velha,40,BR,1567261799,45,-3.71,-38.6,87.8,20.8
381,Anadyr,40,RU,1567261799,87,64.73,177.51,46.4,4.47
382,Clearwater,40,US,1567261770,83,27.97,-82.8,87.01,9.17
383,Whitehorse,20,CA,1567261503,86,60.72,-135.06,37.4,3.36
384,Inongo,85,CD,1567261800,50,-1.93,18.29,89.18,3.18
385,Margate,0,AU,1567261800,62,-43.03,147.26,55.99,6.93
386,Baneh,0,IR,1567261800,14,35.99,45.88,100.4,14.99
387,Biasca,20,CH,1567261801,69,46.36,8.97,88.0,5.82
388,Betanzos,75,ES,1567261611,77,43.28,-8.21,82.0,9.17
389,Coquimbo,90,CL,1567261801,81,-29.95,-71.34,53.6,3.36
390,Padang,0,ID,1567261802,84,-0.92,100.36,81.26,17.74
391,Samarai,78,PG,1567261802,87,-10.62,150.67,69.38,8.57
392,Nalut,0,LY,1567261806,29,31.86,10.98,90.44,6.64
393,Esil,100,KZ,1567261807,72,51.96,66.41,48.5,10.33
394,Finschhafen,45,PG,1567261812,97,-6.6,147.85,62.9,2.21
395,Hargeysa,47,SO,1567261621,44,9.56,44.06,81.62,13.02
396,Melfi,75,IT,1567261814,65,41.0,15.66,86.0,19.46
397,Caravelas,47,BR,1567261817,70,-17.73,-39.27,76.4,9.13
398,Lithgow,0,AU,1567261819,93,-33.48,150.16,50.0,2.01
399,Cotonou,40,BJ,1567261819,74,6.37,2.43,84.2,18.34
400,Pitimbu,75,BR,1567261819,69,-7.47,-34.81,82.4,14.99
401,Komsomolskiy,83,RU,1567261821,87,67.55,63.78,45.98,13.94
402,Nemuro,33,JP,1567261822,95,43.32,145.57,63.8,10.98
403,Russell,20,US,1567261783,93,38.9,-98.86,64.4,10.29
404,Bulawayo,64,ZW,1567261824,17,-20.16,28.59,86.12,11.27
405,Baiao,92,BR,1567261825,41,-2.79,-49.67,93.86,4.7
406,Lorengau,97,PG,1567261825,83,-2.02,147.27,79.1,5.08
407,Vao,100,EE,1567261826,60,59.1,26.19,67.76,3.58
408,Coahuayana,23,MX,1567261826,82,18.62,-100.35,76.04,0.98
409,Wairoa,0,NZ,1567261827,86,-39.04,177.43,41.0,4.0
410,Misratah,67,LY,1567261827,71,32.38,15.09,81.62,16.98
411,Natal,75,BR,1567261732,58,-5.81,-35.21,84.2,16.11
412,Sterling,75,US,1567261557,64,39.0,-77.4,81.0,9.17
413,Non Thai,100,TH,1567261828,91,15.2,102.07,74.42,3.76
414,Voh,100,NC,1567261829,83,-20.95,164.69,72.8,6.85
415,Mucurapo,40,TT,1567261829,62,10.67,-61.53,87.8,9.17
416,Hambantota,75,LK,1567261829,100,6.12,81.12,80.6,6.93
417,Puerto Carreno,20,CO,1567261830,70,6.19,-67.49,86.0,1.48
418,Port Hedland,95,AU,1567261830,94,-20.31,118.58,69.8,5.82
419,Ziro,50,IN,1567261830,94,27.54,93.82,61.1,3.11
420,Escanaba,1,US,1567261830,59,45.75,-87.06,66.2,3.36
421,Joensuu,75,FI,1567261683,56,62.6,29.76,71.01,8.05
422,Birin,85,NP,1567261833,99,26.89,88.07,65.78,2.64
423,Ladario,0,PT,1567261834,55,40.7,-7.74,82.99,7.0
424,Tiksi,0,RU,1567261835,72,71.64,128.87,41.48,4.54
425,Sitka,89,US,1567261835,96,37.17,-99.65,62.01,5.01
426,Hauterive,75,CA,1567261835,72,49.18,-68.27,64.99,17.22
427,Puerto Leguizamo,53,CO,1567261836,55,-0.19,-74.78,89.0,1.54
428,Iqaluit,75,CA,1567261836,93,63.75,-68.52,44.6,9.17
429,Daru,70,PG,1567261836,80,-9.07,143.21,71.9,7.87
430,Klyuchi,100,RU,1567261837,47,52.25,79.17,56.78,12.03
431,Yining,100,CN,1567261837,69,29.04,114.56,69.02,0.78
432,Oranjestad,40,AW,1567261837,66,12.52,-70.03,87.8,25.28
433,Karaton,20,ID,1567261838,69,-6.34,106.1,78.8,11.41
434,Teguise,20,ES,1567261838,78,29.06,-13.56,77.0,19.46
435,Kundiawa,78,PG,1567261838,98,-6.02,144.97,51.56,2.89
436,Eureka,1,US,1567261810,87,40.8,-124.16,54.0,2.82
437,Mattru,92,SL,1567261839,84,7.62,-11.83,80.36,8.37
438,Salamiyah,0,SY,1567261839,25,35.01,37.05,91.16,18.95
439,Kielce,0,PL,1567261840,1,50.87,20.63,84.0,9.95
440,Nabire,94,ID,1567261840,92,-3.36,135.5,69.56,5.28
441,Kidal,18,ML,1567261564,18,18.44,1.41,103.04,7.52
442,Kieta,100,PG,1567261841,81,-6.22,155.63,79.28,6.38
443,Kralendijk,75,BQ,1567261734,70,12.15,-68.27,87.8,17.22
444,Hanmer Springs,0,NZ,1567261841,86,-42.52,172.83,34.28,6.46
445,Morant Bay,20,JM,1567261841,58,17.88,-76.41,87.8,16.11
446,Kilindoni,0,TZ,1567261842,74,-7.91,39.67,78.2,14.32
447,Umm Lajj,4,SA,1567261842,79,25.02,37.27,84.68,10.74
448,Zachary,1,US,1567261842,74,30.65,-91.16,86.0,3.36
449,Malino,20,HR,1567261843,36,45.17,17.73,93.99,5.82
450,Amontada,92,BR,1567261843,29,-3.36,-39.83,96.02,7.76
451,Tumbes,40,PE,1567261823,33,-3.57,-80.46,89.6,4.7
452,Abu Samrah,0,SY,1567261843,22,35.3,37.18,94.22,16.58
453,Kamiiso,18,JP,1567261844,98,41.82,140.65,61.1,4.16
454,Quatre Cocos,20,MU,1567261844,60,-20.21,57.76,73.99,12.75
455,Churapcha,0,RU,1567261844,83,62.0,132.43,47.78,2.71
456,Nanortalik,94,GL,1567261745,82,60.14,-45.24,42.92,10.04
457,Ramanathapuram,100,IN,1567261845,53,9.37,78.83,86.48,18.75
458,Lisala,81,CD,1567261846,69,2.15,21.52,82.7,2.21
459,Elk Plain,1,US,1567261846,100,47.04,-122.37,63.0,1.39
460,Tuatapere,67,NZ,1567261847,92,-46.13,167.69,48.0,5.99
461,Christchurch,0,NZ,1567261678,86,-43.53,172.64,50.0,4.7
462,Albox,0,ES,1567261847,69,37.39,-2.15,88.0,8.05
463,Auki,33,NG,1567261847,52,12.18,6.51,89.72,5.32
464,Kisii,75,KE,1567261848,73,-0.67,34.77,73.4,4.7
465,Matehuala,10,MX,1567261848,48,23.65,-100.64,65.6,6.6
466,Iquique,90,CL,1567261848,59,-20.22,-70.14,62.6,2.24
467,Gandajika,97,CD,1567261849,54,-6.75,23.95,80.18,3.67
468,Jumla,100,NP,1567261849,97,29.28,82.18,55.7,2.82
469,Abu Zabad,97,SD,1567261850,51,12.35,29.25,91.52,1.79
470,Garowe,76,SO,1567261850,35,8.41,48.48,90.62,18.84
471,Bonavista,0,CA,1567261851,78,48.65,-53.11,71.01,13.0
472,Ahipara,100,NZ,1567261851,100,-35.17,173.16,46.0,13.6
473,Inhambane,0,MZ,1567261852,69,-23.87,35.38,78.8,20.8
474,Jermuk,94,AM,1567261852,92,39.84,45.67,47.78,7.85
475,Manado,20,ID,1567261852,83,1.49,124.85,75.2,4.7
476,Seredka,0,RU,1567261853,70,58.06,38.14,67.58,4.45
477,Sao Felix do Xingu,4,BR,1567261853,23,-6.64,-51.99,99.08,7.49
478,Liwale,15,TZ,1567261853,34,-9.8,37.92,80.9,7.65
479,Gallup,1,US,1567261628,37,35.53,-108.74,55.4,4.34
480,Aklavik,90,CA,1567261854,80,68.22,-135.01,41.0,4.7
481,Puerto Maldonado,0,PE,1567261855,35,-12.59,-69.19,94.04,4.21
482,A Coruna,75,ES,1567261855,77,43.37,-8.4,71.01,9.17
483,Draguignan,78,FR,1567261856,38,43.54,6.46,89.6,9.17
484,Santa Marta,40,CO,1567261856,79,11.24,-74.21,86.0,4.7
485,Sadovoye,74,RU,1567261856,40,47.78,44.52,74.06,6.67
486,Taree,40,AU,1567261856,93,-31.91,152.46,57.2,5.82
487,Ostersund,75,SE,1567261857,63,63.18,14.64,70.0,13.87
488,Olga,1,US,1567261857,88,34.11,-118.17,70.0,3.58
489,Leona Vicario,75,MX,1567261859,100,20.99,-87.21,82.4,3.36
490,Pekan,75,MY,1567261859,83,3.49,103.39,80.6,2.24
491,Takoradi,100,GH,1567261859,73,4.89,-1.75,80.72,9.28
492,Suicheng,27,CN,1567261860,82,33.9,117.93,69.56,6.04
493,Khash,0,IR,1567261860,15,28.22,61.21,68.66,10.09
494,Mezen,98,RU,1567261861,63,65.85,44.24,59.66,3.94
495,Zyryanovsk,4,KZ,1567261861,49,49.74,84.27,54.08,2.39
496,Abnub,0,EG,1567261861,28,27.27,31.15,96.8,16.11
497,Kavieng,58,PG,1567261861,74,-2.57,150.8,82.52,4.12
498,Moerai,72,PF,1567261862,61,-22.43,-151.33,68.84,15.35
499,Grand Gaube,20,MU,1567261863,60,-20.01,57.66,73.99,12.75
500,Safford,0,US,1567261860,54,32.83,-109.71,82.0,5.82
501,Wenshang,0,CN,1567261864,65,35.72,116.48,67.58,2.44
502,Porto Tolle,0,IT,1567261864,49,44.95,12.32,93.2,5.82
503,Dubbo,0,AU,1567261865,76,-32.25,148.6,50.0,5.82
504,Batagay,0,RU,1567261865,50,67.65,134.64,38.78,1.28
505,Kenai,90,US,1567261865,93,60.55,-151.26,53.01,4.7
506,Chinteni,0,RO,1567261866,22,46.86,23.54,88.0,8.05
507,Charters Towers,0,AU,1567261866,90,-20.07,146.27,60.02,7.81
508,Aitape,33,PG,1567261866,87,-3.15,142.36,76.94,4.21
509,Cadillac,1,US,1567261866,55,44.25,-85.4,64.4,3.36
510,Diamantina,1,BR,1567261867,28,-18.24,-43.6,86.12,4.34
511,Tahe,90,CN,1567261867,84,52.34,124.71,50.84,1.86
512,Plouzane,90,FR,1567261663,82,48.38,-4.62,66.99,10.29
513,Nicoya,0,CR,1567261868,66,10.15,-85.45,84.2,4.7
514,Springbok,22,ZA,1567261868,46,-29.67,17.88,61.46,12.46
515,Verkhnyaya Inta,98,RU,1567261868,89,65.99,60.32,47.06,12.41
516,Buan,1,KR,1567261868,88,35.72,126.72,73.4,7.02
517,Santa Isabel do Rio Negro,2,BR,1567261869,43,-0.41,-65.02,94.4,2.62
518,Biskupiec,0,PL,1567261869,47,53.87,20.96,80.6,3.36
519,Gravdal,75,NO,1567261870,77,59.79,5.78,66.99,23.04
520,Poum,40,MK,1567261870,36,41.28,20.71,80.6,3.36
521,Muzhi,100,RU,1567261871,87,65.4,64.7,46.7,13.89
522,Quchan,72,IR,1567261871,30,37.11,58.51,63.26,6.67
523,Guarapari,20,BR,1567261871,51,-20.67,-40.5,82.4,16.11
524,Boffa,100,GN,1567261872,84,10.18,-14.04,78.38,18.48
525,Hami,94,CN,1567261872,10,42.84,93.51,85.22,6.11
526,Iralaya,44,HN,1567261873,64,15.0,-83.23,86.48,3.67
527,Te Anau,6,NZ,1567261874,81,-45.41,167.72,42.92,10.0
528,Vanimo,1,PG,1567261874,74,-2.67,141.3,83.24,6.71
529,Shimoda,100,JP,1567261874,71,34.7,138.93,80.01,3.0
530,Tanout,0,NE,1567261875,20,14.97,8.88,99.62,3.83
531,Neuquen,0,AR,1567261625,46,-38.95,-68.06,50.0,11.41
532,Baghdad,0,IQ,1567261811,19,33.3,44.38,109.4,14.99
533,Vestmannaeyjar,75,IS,1567261876,81,63.44,-20.27,50.0,13.87
534,Piacabucu,0,BR,1567261876,60,-10.41,-36.43,80.0,8.81
535,Rocha,0,UY,1567261877,46,-34.48,-54.34,59.66,3.42
536,San Pedro,0,AR,1567261877,47,-33.68,-59.66,64.99,3.0
537,Batagay-Alyta,0,RU,1567261878,79,67.8,130.41,37.7,3.29
538,Collie,8,AU,1567261878,61,-33.36,116.15,54.0,6.22
539,Bandarbeyla,59,SO,1567261878,66,9.49,50.81,80.9,30.53
540,Nueva Concepcion,40,GT,1567261879,78,14.2,-91.3,82.4,4.97
541,Hualmay,83,PE,1567261879,91,-11.1,-77.61,59.48,13.71
542,Broome,0,GB,1567261879,38,52.47,1.45,80.01,17.22
543,Lisakovsk,100,KZ,1567261879,72,52.55,62.49,49.4,4.81
544,Moose Factory,40,CA,1567261880,62,51.26,-80.61,51.8,11.41
545,Muisne,40,EC,1567261880,74,0.61,-80.02,78.8,11.41
546,Metro,58,ID,1567261880,85,-5.11,105.31,73.88,4.7
547,Sijunjung,58,ID,1567261880,96,-0.69,100.95,68.48,1.81
548,Sinnamary,6,GF,1567261881,78,5.38,-52.96,81.8,16.53
549,Saint-Pierre,0,FR,1567261881,35,48.95,4.24,93.2,18.34
